x-Cordinates, y-Cordinates, time left, found_time
879.1004,494.432,9.169056,00:00:09.7772830
722.5876,204.4693,23.65097,00:00:24.2612770
347.1902,344.2763,35.71632,00:00:36.3293310
278.9964,389.6199,37.05036,00:00:37.6488500
