x-Cordinates, y-Cordinates, time left, found_time
13.77374,42.4685,0.02,00:00:00.1147000
5.634298,41.47579,0.02,00:00:00.1189670
