x-Cordinates, y-Cordinates, time left, found_time
879.121,494.5313,9.196077,00:00:32.4182541
722.5696,204.3035,23.67457,00:00:46.8957679
347.163,344.313,35.69963,00:00:58.9215622
278.9984,389.6199,37.03221,00:01:00.2562792
